id,Image,Hurricane,Damage,OnLineC,LinesC
5757,I1,H3,0,-0.5,-0.5
5757,I2,H3,0,-0.5,-0.5
5757,I3,H3,0,-0.5,-0.5
5757,I4,H3,0,-0.5,-0.5
5757,I5,H3,0,0.5,-0.5
5757,I6,H3,0,0.5,-0.5
5757,I7,H3,0,0.5,-0.5
5757,I8,H3,0,0.5,-0.5
5757,I9,H3,0,-0.5,0.5
5757,I10,H3,0,-0.5,0.5
5757,I11,H3,0,-0.5,0.5
5757,I12,H3,0,-0.5,0.5
5757,I13,H3,0,0.5,0.5
5757,I14,H3,0,0.5,0.5
5757,I15,H3,0,0.5,0.5
5757,I16,H3,0,0.5,0.5
5757,I17,H1,0,-0.5,-0.5
5757,I18,H1,0,-0.5,-0.5
5757,I19,H1,0,-0.5,-0.5
5757,I20,H1,0,-0.5,-0.5
5757,I21,H1,0,0.5,-0.5
5757,I22,H1,0,0.5,-0.5
5757,I23,H1,0,0.5,-0.5
5757,I24,H1,0,0.5,-0.5
5757,I25,H1,0,-0.5,0.5
5757,I26,H1,0,-0.5,0.5
5757,I27,H1,0,-0.5,0.5
5757,I28,H1,0,-0.5,0.5
5757,I29,H1,0,0.5,0.5
5757,I30,H1,0,0.5,0.5
5757,I31,H1,0,0.5,0.5
5757,I32,H1,0,0.5,0.5
5968,I1,H3,0,-0.5,-0.5
5968,I2,H3,0,-0.5,-0.5
5968,I3,H3,0,-0.5,-0.5
5968,I4,H3,1,-0.5,-0.5
5968,I5,H3,0,0.5,-0.5
5968,I6,H3,0,0.5,-0.5
5968,I7,H3,0,0.5,-0.5
5968,I8,H3,0,0.5,-0.5
5968,I9,H3,0,-0.5,0.5
5968,I10,H3,1,-0.5,0.5
5968,I11,H3,0,-0.5,0.5
5968,I12,H3,0,-0.5,0.5
5968,I13,H3,0,0.5,0.5
5968,I14,H3,0,0.5,0.5
5968,I15,H3,0,0.5,0.5
5968,I16,H3,0,0.5,0.5
5968,I17,H1,0,-0.5,-0.5
5968,I18,H1,0,-0.5,-0.5
5968,I19,H1,0,-0.5,-0.5
5968,I20,H1,0,-0.5,-0.5
5968,I21,H1,0,0.5,-0.5
5968,I22,H1,0,0.5,-0.5
5968,I23,H1,0,0.5,-0.5
5968,I24,H1,0,0.5,-0.5
5968,I25,H1,0,-0.5,0.5
5968,I26,H1,0,-0.5,0.5
5968,I27,H1,1,-0.5,0.5
5968,I28,H1,1,-0.5,0.5
5968,I29,H1,0,0.5,0.5
5968,I30,H1,0,0.5,0.5
5968,I31,H1,0,0.5,0.5
5968,I32,H1,0,0.5,0.5
5971,I1,H3,0,-0.5,-0.5
5971,I2,H3,0,-0.5,-0.5
5971,I3,H3,0,-0.5,-0.5
5971,I4,H3,0,-0.5,-0.5
5971,I5,H3,0,0.5,-0.5
5971,I6,H3,0,0.5,-0.5
5971,I7,H3,0,0.5,-0.5
5971,I8,H3,0,0.5,-0.5
5971,I9,H3,0,-0.5,0.5
5971,I10,H3,0,-0.5,0.5
5971,I11,H3,0,-0.5,0.5
5971,I12,H3,1,-0.5,0.5
5971,I13,H3,0,0.5,0.5
5971,I14,H3,0,0.5,0.5
5971,I15,H3,0,0.5,0.5
5971,I16,H3,0,0.5,0.5
5971,I17,H1,0,-0.5,-0.5
5971,I18,H1,0,-0.5,-0.5
5971,I19,H1,0,-0.5,-0.5
5971,I20,H1,0,-0.5,-0.5
5971,I21,H1,0,0.5,-0.5
5971,I22,H1,0,0.5,-0.5
5971,I23,H1,0,0.5,-0.5
5971,I24,H1,0,0.5,-0.5
5971,I25,H1,0,-0.5,0.5
5971,I26,H1,0,-0.5,0.5
5971,I27,H1,0,-0.5,0.5
5971,I28,H1,0,-0.5,0.5
5971,I29,H1,0,0.5,0.5
5971,I30,H1,0,0.5,0.5
5971,I31,H1,1,0.5,0.5
5971,I32,H1,0,0.5,0.5
6037,I1,H3,0,-0.5,-0.5
6037,I2,H3,0,-0.5,-0.5
6037,I3,H3,0,-0.5,-0.5
6037,I4,H3,0,-0.5,-0.5
6037,I5,H3,0,0.5,-0.5
6037,I6,H3,0,0.5,-0.5
6037,I7,H3,0,0.5,-0.5
6037,I8,H3,0,0.5,-0.5
6037,I9,H3,0,-0.5,0.5
6037,I10,H3,0,-0.5,0.5
6037,I11,H3,1,-0.5,0.5
6037,I12,H3,0,-0.5,0.5
6037,I13,H3,0,0.5,0.5
6037,I14,H3,0,0.5,0.5
6037,I15,H3,0,0.5,0.5
6037,I16,H3,0,0.5,0.5
6037,I17,H1,1,-0.5,-0.5
6037,I18,H1,0,-0.5,-0.5
6037,I19,H1,0,-0.5,-0.5
6037,I20,H1,0,-0.5,-0.5
6037,I21,H1,0,0.5,-0.5
6037,I22,H1,0,0.5,-0.5
6037,I23,H1,0,0.5,-0.5
6037,I24,H1,0,0.5,-0.5
6037,I25,H1,0,-0.5,0.5
6037,I26,H1,0,-0.5,0.5
6037,I27,H1,0,-0.5,0.5
6037,I28,H1,0,-0.5,0.5
6037,I29,H1,0,0.5,0.5
6037,I30,H1,1,0.5,0.5
6037,I31,H1,0,0.5,0.5
6037,I32,H1,0,0.5,0.5
6038,I1,H3,1,-0.5,-0.5
6038,I2,H3,1,-0.5,-0.5
6038,I3,H3,1,-0.5,-0.5
6038,I4,H3,0,-0.5,-0.5
6038,I5,H3,0,0.5,-0.5
6038,I6,H3,1,0.5,-0.5
6038,I7,H3,0,0.5,-0.5
6038,I8,H3,0,0.5,-0.5
6038,I9,H3,1,-0.5,0.5
6038,I10,H3,0,-0.5,0.5
6038,I11,H3,0,-0.5,0.5
6038,I12,H3,1,-0.5,0.5
6038,I13,H3,0,0.5,0.5
6038,I14,H3,0,0.5,0.5
6038,I15,H3,0,0.5,0.5
6038,I16,H3,0,0.5,0.5
6038,I17,H1,1,-0.5,-0.5
6038,I18,H1,1,-0.5,-0.5
6038,I19,H1,0,-0.5,-0.5
6038,I20,H1,1,-0.5,-0.5
6038,I21,H1,0,0.5,-0.5
6038,I22,H1,0,0.5,-0.5
6038,I23,H1,1,0.5,-0.5
6038,I24,H1,0,0.5,-0.5
6038,I25,H1,1,-0.5,0.5
6038,I26,H1,1,-0.5,0.5
6038,I27,H1,1,-0.5,0.5
6038,I28,H1,1,-0.5,0.5
6038,I29,H1,0,0.5,0.5
6038,I30,H1,0,0.5,0.5
6038,I31,H1,0,0.5,0.5
6038,I32,H1,0,0.5,0.5
6215,I1,H3,0,-0.5,-0.5
6215,I2,H3,0,-0.5,-0.5
6215,I3,H3,1,-0.5,-0.5
6215,I4,H3,0,-0.5,-0.5
6215,I5,H3,0,0.5,-0.5
6215,I6,H3,1,0.5,-0.5
6215,I7,H3,0,0.5,-0.5
6215,I8,H3,0,0.5,-0.5
6215,I9,H3,1,-0.5,0.5
6215,I10,H3,0,-0.5,0.5
6215,I11,H3,0,-0.5,0.5
6215,I12,H3,1,-0.5,0.5
6215,I13,H3,0,0.5,0.5
6215,I14,H3,0,0.5,0.5
6215,I15,H3,0,0.5,0.5
6215,I16,H3,0,0.5,0.5
6215,I17,H1,1,-0.5,-0.5
6215,I18,H1,1,-0.5,-0.5
6215,I19,H1,1,-0.5,-0.5
6215,I20,H1,0,-0.5,-0.5
6215,I21,H1,0,0.5,-0.5
6215,I22,H1,0,0.5,-0.5
6215,I23,H1,0,0.5,-0.5
6215,I24,H1,0,0.5,-0.5
6215,I25,H1,0,-0.5,0.5
6215,I26,H1,0,-0.5,0.5
6215,I27,H1,0,-0.5,0.5
6215,I28,H1,0,-0.5,0.5
6215,I29,H1,0,0.5,0.5
6215,I30,H1,0,0.5,0.5
6215,I31,H1,0,0.5,0.5
6215,I32,H1,0,0.5,0.5
6318,I1,H3,0,-0.5,-0.5
6318,I2,H3,0,-0.5,-0.5
6318,I3,H3,0,-0.5,-0.5
6318,I4,H3,0,-0.5,-0.5
6318,I5,H3,0,0.5,-0.5
6318,I6,H3,0,0.5,-0.5
6318,I7,H3,0,0.5,-0.5
6318,I8,H3,0,0.5,-0.5
6318,I9,H3,0,-0.5,0.5
6318,I10,H3,0,-0.5,0.5
6318,I11,H3,0,-0.5,0.5
6318,I12,H3,0,-0.5,0.5
6318,I13,H3,0,0.5,0.5
6318,I14,H3,0,0.5,0.5
6318,I15,H3,0,0.5,0.5
6318,I16,H3,0,0.5,0.5
6318,I17,H1,0,-0.5,-0.5
6318,I18,H1,0,-0.5,-0.5
6318,I19,H1,0,-0.5,-0.5
6318,I20,H1,0,-0.5,-0.5
6318,I21,H1,0,0.5,-0.5
6318,I22,H1,0,0.5,-0.5
6318,I23,H1,0,0.5,-0.5
6318,I24,H1,0,0.5,-0.5
6318,I25,H1,0,-0.5,0.5
6318,I26,H1,0,-0.5,0.5
6318,I27,H1,0,-0.5,0.5
6318,I28,H1,0,-0.5,0.5
6318,I29,H1,0,0.5,0.5
6318,I30,H1,0,0.5,0.5
6318,I31,H1,0,0.5,0.5
6318,I32,H1,0,0.5,0.5
6455,I1,H3,0,-0.5,-0.5
6455,I2,H3,0,-0.5,-0.5
6455,I3,H3,0,-0.5,-0.5
6455,I4,H3,0,-0.5,-0.5
6455,I5,H3,0,0.5,-0.5
6455,I6,H3,0,0.5,-0.5
6455,I7,H3,0,0.5,-0.5
6455,I8,H3,0,0.5,-0.5
6455,I9,H3,0,-0.5,0.5
6455,I10,H3,0,-0.5,0.5
6455,I11,H3,0,-0.5,0.5
6455,I12,H3,0,-0.5,0.5
6455,I13,H3,0,0.5,0.5
6455,I14,H3,0,0.5,0.5
6455,I15,H3,0,0.5,0.5
6455,I16,H3,0,0.5,0.5
6455,I17,H1,0,-0.5,-0.5
6455,I18,H1,0,-0.5,-0.5
6455,I19,H1,0,-0.5,-0.5
6455,I20,H1,0,-0.5,-0.5
6455,I21,H1,0,0.5,-0.5
6455,I22,H1,0,0.5,-0.5
6455,I23,H1,0,0.5,-0.5
6455,I24,H1,0,0.5,-0.5
6455,I25,H1,0,-0.5,0.5
6455,I26,H1,0,-0.5,0.5
6455,I27,H1,0,-0.5,0.5
6455,I28,H1,0,-0.5,0.5
6455,I29,H1,0,0.5,0.5
6455,I30,H1,0,0.5,0.5
6455,I31,H1,0,0.5,0.5
6455,I32,H1,0,0.5,0.5
6493,I1,H3,0,-0.5,-0.5
6493,I2,H3,0,-0.5,-0.5
6493,I3,H3,1,-0.5,-0.5
6493,I4,H3,1,-0.5,-0.5
6493,I5,H3,0,0.5,-0.5
6493,I6,H3,0,0.5,-0.5
6493,I7,H3,0,0.5,-0.5
6493,I8,H3,0,0.5,-0.5
6493,I9,H3,1,-0.5,0.5
6493,I10,H3,1,-0.5,0.5
6493,I11,H3,0,-0.5,0.5
6493,I12,H3,1,-0.5,0.5
6493,I13,H3,0,0.5,0.5
6493,I14,H3,0,0.5,0.5
6493,I15,H3,0,0.5,0.5
6493,I16,H3,0,0.5,0.5
6493,I17,H1,1,-0.5,-0.5
6493,I18,H1,1,-0.5,-0.5
6493,I19,H1,0,-0.5,-0.5
6493,I20,H1,1,-0.5,-0.5
6493,I21,H1,0,0.5,-0.5
6493,I22,H1,0,0.5,-0.5
6493,I23,H1,0,0.5,-0.5
6493,I24,H1,0,0.5,-0.5
6493,I25,H1,1,-0.5,0.5
6493,I26,H1,1,-0.5,0.5
6493,I27,H1,1,-0.5,0.5
6493,I28,H1,1,-0.5,0.5
6493,I29,H1,0,0.5,0.5
6493,I30,H1,0,0.5,0.5
6493,I31,H1,0,0.5,0.5
6493,I32,H1,0,0.5,0.5
6541,I1,H3,0,-0.5,-0.5
6541,I2,H3,0,-0.5,-0.5
6541,I3,H3,1,-0.5,-0.5
6541,I4,H3,0,-0.5,-0.5
6541,I5,H3,1,0.5,-0.5
6541,I6,H3,0,0.5,-0.5
6541,I7,H3,0,0.5,-0.5
6541,I8,H3,0,0.5,-0.5
6541,I9,H3,0,-0.5,0.5
6541,I10,H3,0,-0.5,0.5
6541,I11,H3,0,-0.5,0.5
6541,I12,H3,0,-0.5,0.5
6541,I13,H3,0,0.5,0.5
6541,I14,H3,0,0.5,0.5
6541,I15,H3,0,0.5,0.5
6541,I16,H3,0,0.5,0.5
6541,I17,H1,0,-0.5,-0.5
6541,I18,H1,0,-0.5,-0.5
6541,I19,H1,0,-0.5,-0.5
6541,I20,H1,0,-0.5,-0.5
6541,I21,H1,0,0.5,-0.5
6541,I22,H1,0,0.5,-0.5
6541,I23,H1,0,0.5,-0.5
6541,I24,H1,0,0.5,-0.5
6541,I25,H1,0,-0.5,0.5
6541,I26,H1,0,-0.5,0.5
6541,I27,H1,1,-0.5,0.5
6541,I28,H1,0,-0.5,0.5
6541,I29,H1,0,0.5,0.5
6541,I30,H1,0,0.5,0.5
6541,I31,H1,0,0.5,0.5
6541,I32,H1,0,0.5,0.5
6654,I1,H3,1,-0.5,-0.5
6654,I2,H3,0,-0.5,-0.5
6654,I3,H3,1,-0.5,-0.5
6654,I4,H3,1,-0.5,-0.5
6654,I5,H3,0,0.5,-0.5
6654,I6,H3,0,0.5,-0.5
6654,I7,H3,0,0.5,-0.5
6654,I8,H3,0,0.5,-0.5
6654,I9,H3,1,-0.5,0.5
6654,I10,H3,1,-0.5,0.5
6654,I11,H3,1,-0.5,0.5
6654,I12,H3,1,-0.5,0.5
6654,I13,H3,0,0.5,0.5
6654,I14,H3,0,0.5,0.5
6654,I15,H3,0,0.5,0.5
6654,I16,H3,0,0.5,0.5
6654,I17,H1,1,-0.5,-0.5
6654,I18,H1,1,-0.5,-0.5
6654,I19,H1,0,-0.5,-0.5
6654,I20,H1,1,-0.5,-0.5
6654,I21,H1,0,0.5,-0.5
6654,I22,H1,0,0.5,-0.5
6654,I23,H1,0,0.5,-0.5
6654,I24,H1,0,0.5,-0.5
6654,I25,H1,1,-0.5,0.5
6654,I26,H1,1,-0.5,0.5
6654,I27,H1,1,-0.5,0.5
6654,I28,H1,1,-0.5,0.5
6654,I29,H1,0,0.5,0.5
6654,I30,H1,0,0.5,0.5
6654,I31,H1,0,0.5,0.5
6654,I32,H1,0,0.5,0.5
6856,I1,H3,0,-0.5,-0.5
6856,I2,H3,0,-0.5,-0.5
6856,I3,H3,0,-0.5,-0.5
6856,I4,H3,0,-0.5,-0.5
6856,I5,H3,0,0.5,-0.5
6856,I6,H3,0,0.5,-0.5
6856,I7,H3,0,0.5,-0.5
6856,I8,H3,0,0.5,-0.5
6856,I9,H3,0,-0.5,0.5
6856,I10,H3,0,-0.5,0.5
6856,I11,H3,0,-0.5,0.5
6856,I12,H3,0,-0.5,0.5
6856,I13,H3,0,0.5,0.5
6856,I14,H3,0,0.5,0.5
6856,I15,H3,0,0.5,0.5
6856,I16,H3,0,0.5,0.5
6856,I17,H1,0,-0.5,-0.5
6856,I18,H1,0,-0.5,-0.5
6856,I19,H1,0,-0.5,-0.5
6856,I20,H1,0,-0.5,-0.5
6856,I21,H1,0,0.5,-0.5
6856,I22,H1,0,0.5,-0.5
6856,I23,H1,0,0.5,-0.5
6856,I24,H1,0,0.5,-0.5
6856,I25,H1,0,-0.5,0.5
6856,I26,H1,0,-0.5,0.5
6856,I27,H1,0,-0.5,0.5
6856,I28,H1,0,-0.5,0.5
6856,I29,H1,0,0.5,0.5
6856,I30,H1,0,0.5,0.5
6856,I31,H1,0,0.5,0.5
6856,I32,H1,0,0.5,0.5
6867,I1,H3,0,-0.5,-0.5
6867,I2,H3,1,-0.5,-0.5
6867,I3,H3,0,-0.5,-0.5
6867,I4,H3,0,-0.5,-0.5
6867,I5,H3,0,0.5,-0.5
6867,I6,H3,0,0.5,-0.5
6867,I7,H3,0,0.5,-0.5
6867,I8,H3,0,0.5,-0.5
6867,I9,H3,1,-0.5,0.5
6867,I10,H3,0,-0.5,0.5
6867,I11,H3,0,-0.5,0.5
6867,I12,H3,0,-0.5,0.5
6867,I13,H3,0,0.5,0.5
6867,I14,H3,0,0.5,0.5
6867,I15,H3,0,0.5,0.5
6867,I16,H3,0,0.5,0.5
6867,I17,H1,0,-0.5,-0.5
6867,I18,H1,1,-0.5,-0.5
6867,I19,H1,0,-0.5,-0.5
6867,I20,H1,0,-0.5,-0.5
6867,I21,H1,0,0.5,-0.5
6867,I22,H1,0,0.5,-0.5
6867,I23,H1,0,0.5,-0.5
6867,I24,H1,0,0.5,-0.5
6867,I25,H1,1,-0.5,0.5
6867,I26,H1,1,-0.5,0.5
6867,I27,H1,1,-0.5,0.5
6867,I28,H1,0,-0.5,0.5
6867,I29,H1,0,0.5,0.5
6867,I30,H1,0,0.5,0.5
6867,I31,H1,0,0.5,0.5
6867,I32,H1,0,0.5,0.5
6979,I1,H3,0,-0.5,-0.5
6979,I2,H3,0,-0.5,-0.5
6979,I3,H3,1,-0.5,-0.5
6979,I4,H3,1,-0.5,-0.5
6979,I5,H3,0,0.5,-0.5
6979,I6,H3,0,0.5,-0.5
6979,I7,H3,0,0.5,-0.5
6979,I8,H3,0,0.5,-0.5
6979,I9,H3,1,-0.5,0.5
6979,I10,H3,0,-0.5,0.5
6979,I11,H3,1,-0.5,0.5
6979,I12,H3,1,-0.5,0.5
6979,I13,H3,0,0.5,0.5
6979,I14,H3,0,0.5,0.5
6979,I15,H3,0,0.5,0.5
6979,I16,H3,0,0.5,0.5
6979,I17,H1,0,-0.5,-0.5
6979,I18,H1,0,-0.5,-0.5
6979,I19,H1,1,-0.5,-0.5
6979,I20,H1,0,-0.5,-0.5
6979,I21,H1,0,0.5,-0.5
6979,I22,H1,0,0.5,-0.5
6979,I23,H1,0,0.5,-0.5
6979,I24,H1,0,0.5,-0.5
6979,I25,H1,0,-0.5,0.5
6979,I26,H1,0,-0.5,0.5
6979,I27,H1,0,-0.5,0.5
6979,I28,H1,1,-0.5,0.5
6979,I29,H1,0,0.5,0.5
6979,I30,H1,0,0.5,0.5
6979,I31,H1,0,0.5,0.5
6979,I32,H1,0,0.5,0.5
7330,I1,H3,0,-0.5,-0.5
7330,I2,H3,0,-0.5,-0.5
7330,I3,H3,0,-0.5,-0.5
7330,I4,H3,0,-0.5,-0.5
7330,I5,H3,0,0.5,-0.5
7330,I6,H3,0,0.5,-0.5
7330,I7,H3,0,0.5,-0.5
7330,I8,H3,1,0.5,-0.5
7330,I9,H3,0,-0.5,0.5
7330,I10,H3,0,-0.5,0.5
7330,I11,H3,0,-0.5,0.5
7330,I12,H3,1,-0.5,0.5
7330,I13,H3,0,0.5,0.5
7330,I14,H3,0,0.5,0.5
7330,I15,H3,0,0.5,0.5
7330,I16,H3,0,0.5,0.5
7330,I17,H1,1,-0.5,-0.5
7330,I18,H1,0,-0.5,-0.5
7330,I19,H1,0,-0.5,-0.5
7330,I20,H1,0,-0.5,-0.5
7330,I21,H1,0,0.5,-0.5
7330,I22,H1,0,0.5,-0.5
7330,I23,H1,0,0.5,-0.5
7330,I24,H1,0,0.5,-0.5
7330,I25,H1,0,-0.5,0.5
7330,I26,H1,0,-0.5,0.5
7330,I27,H1,0,-0.5,0.5
7330,I28,H1,0,-0.5,0.5
7330,I29,H1,0,0.5,0.5
7330,I30,H1,0,0.5,0.5
7330,I31,H1,0,0.5,0.5
7330,I32,H1,0,0.5,0.5
7402,I1,H3,0,-0.5,-0.5
7402,I2,H3,0,-0.5,-0.5
7402,I3,H3,0,-0.5,-0.5
7402,I4,H3,0,-0.5,-0.5
7402,I5,H3,0,0.5,-0.5
7402,I6,H3,0,0.5,-0.5
7402,I7,H3,0,0.5,-0.5
7402,I8,H3,0,0.5,-0.5
7402,I9,H3,0,-0.5,0.5
7402,I10,H3,0,-0.5,0.5
7402,I11,H3,0,-0.5,0.5
7402,I12,H3,0,-0.5,0.5
7402,I13,H3,0,0.5,0.5
7402,I14,H3,0,0.5,0.5
7402,I15,H3,0,0.5,0.5
7402,I16,H3,0,0.5,0.5
7402,I17,H1,0,-0.5,-0.5
7402,I18,H1,0,-0.5,-0.5
7402,I19,H1,0,-0.5,-0.5
7402,I20,H1,0,-0.5,-0.5
7402,I21,H1,0,0.5,-0.5
7402,I22,H1,0,0.5,-0.5
7402,I23,H1,0,0.5,-0.5
7402,I24,H1,0,0.5,-0.5
7402,I25,H1,0,-0.5,0.5
7402,I26,H1,0,-0.5,0.5
7402,I27,H1,0,-0.5,0.5
7402,I28,H1,0,-0.5,0.5
7402,I29,H1,0,0.5,0.5
7402,I30,H1,0,0.5,0.5
7402,I31,H1,0,0.5,0.5
7402,I32,H1,0,0.5,0.5
7433,I1,H3,0,-0.5,-0.5
7433,I2,H3,0,-0.5,-0.5
7433,I3,H3,0,-0.5,-0.5
7433,I4,H3,0,-0.5,-0.5
7433,I5,H3,0,0.5,-0.5
7433,I6,H3,0,0.5,-0.5
7433,I7,H3,0,0.5,-0.5
7433,I8,H3,0,0.5,-0.5
7433,I9,H3,0,-0.5,0.5
7433,I10,H3,0,-0.5,0.5
7433,I11,H3,0,-0.5,0.5
7433,I12,H3,0,-0.5,0.5
7433,I13,H3,0,0.5,0.5
7433,I14,H3,0,0.5,0.5
7433,I15,H3,0,0.5,0.5
7433,I16,H3,0,0.5,0.5
7433,I17,H1,0,-0.5,-0.5
7433,I18,H1,0,-0.5,-0.5
7433,I19,H1,0,-0.5,-0.5
7433,I20,H1,0,-0.5,-0.5
7433,I21,H1,0,0.5,-0.5
7433,I22,H1,0,0.5,-0.5
7433,I23,H1,0,0.5,-0.5
7433,I24,H1,0,0.5,-0.5
7433,I25,H1,0,-0.5,0.5
7433,I26,H1,0,-0.5,0.5
7433,I27,H1,0,-0.5,0.5
7433,I28,H1,0,-0.5,0.5
7433,I29,H1,0,0.5,0.5
7433,I30,H1,0,0.5,0.5
7433,I31,H1,0,0.5,0.5
7433,I32,H1,0,0.5,0.5
7488,I1,H3,1,-0.5,-0.5
7488,I2,H3,1,-0.5,-0.5
7488,I3,H3,1,-0.5,-0.5
7488,I4,H3,1,-0.5,-0.5
7488,I5,H3,0,0.5,-0.5
7488,I6,H3,0,0.5,-0.5
7488,I7,H3,0,0.5,-0.5
7488,I8,H3,0,0.5,-0.5
7488,I9,H3,1,-0.5,0.5
7488,I10,H3,1,-0.5,0.5
7488,I11,H3,1,-0.5,0.5
7488,I12,H3,1,-0.5,0.5
7488,I13,H3,0,0.5,0.5
7488,I14,H3,0,0.5,0.5
7488,I15,H3,0,0.5,0.5
7488,I16,H3,0,0.5,0.5
7488,I17,H1,1,-0.5,-0.5
7488,I18,H1,1,-0.5,-0.5
7488,I19,H1,1,-0.5,-0.5
7488,I20,H1,1,-0.5,-0.5
7488,I21,H1,0,0.5,-0.5
7488,I22,H1,0,0.5,-0.5
7488,I23,H1,0,0.5,-0.5
7488,I24,H1,0,0.5,-0.5
7488,I25,H1,1,-0.5,0.5
7488,I26,H1,1,-0.5,0.5
7488,I27,H1,1,-0.5,0.5
7488,I28,H1,1,-0.5,0.5
7488,I29,H1,0,0.5,0.5
7488,I30,H1,0,0.5,0.5
7488,I31,H1,0,0.5,0.5
7488,I32,H1,0,0.5,0.5
7518,I1,H3,0,-0.5,-0.5
7518,I2,H3,0,-0.5,-0.5
7518,I3,H3,0,-0.5,-0.5
7518,I4,H3,0,-0.5,-0.5
7518,I5,H3,0,0.5,-0.5
7518,I6,H3,0,0.5,-0.5
7518,I7,H3,0,0.5,-0.5
7518,I8,H3,0,0.5,-0.5
7518,I9,H3,0,-0.5,0.5
7518,I10,H3,0,-0.5,0.5
7518,I11,H3,0,-0.5,0.5
7518,I12,H3,0,-0.5,0.5
7518,I13,H3,0,0.5,0.5
7518,I14,H3,0,0.5,0.5
7518,I15,H3,0,0.5,0.5
7518,I16,H3,0,0.5,0.5
7518,I17,H1,0,-0.5,-0.5
7518,I18,H1,0,-0.5,-0.5
7518,I19,H1,0,-0.5,-0.5
7518,I20,H1,0,-0.5,-0.5
7518,I21,H1,0,0.5,-0.5
7518,I22,H1,0,0.5,-0.5
7518,I23,H1,0,0.5,-0.5
7518,I24,H1,0,0.5,-0.5
7518,I25,H1,0,-0.5,0.5
7518,I26,H1,0,-0.5,0.5
7518,I27,H1,0,-0.5,0.5
7518,I28,H1,0,-0.5,0.5
7518,I29,H1,0,0.5,0.5
7518,I30,H1,0,0.5,0.5
7518,I31,H1,0,0.5,0.5
7518,I32,H1,0,0.5,0.5
7586,I1,H3,0,-0.5,-0.5
7586,I2,H3,0,-0.5,-0.5
7586,I3,H3,1,-0.5,-0.5
7586,I4,H3,1,-0.5,-0.5
7586,I5,H3,0,0.5,-0.5
7586,I6,H3,0,0.5,-0.5
7586,I7,H3,0,0.5,-0.5
7586,I8,H3,0,0.5,-0.5
7586,I9,H3,1,-0.5,0.5
7586,I10,H3,1,-0.5,0.5
7586,I11,H3,0,-0.5,0.5
7586,I12,H3,1,-0.5,0.5
7586,I13,H3,0,0.5,0.5
7586,I14,H3,0,0.5,0.5
7586,I15,H3,0,0.5,0.5
7586,I16,H3,0,0.5,0.5
7586,I17,H1,1,-0.5,-0.5
7586,I18,H1,1,-0.5,-0.5
7586,I19,H1,1,-0.5,-0.5
7586,I20,H1,1,-0.5,-0.5
7586,I21,H1,0,0.5,-0.5
7586,I22,H1,0,0.5,-0.5
7586,I23,H1,0,0.5,-0.5
7586,I24,H1,0,0.5,-0.5
7586,I25,H1,1,-0.5,0.5
7586,I26,H1,1,-0.5,0.5
7586,I27,H1,0,-0.5,0.5
7586,I28,H1,1,-0.5,0.5
7586,I29,H1,0,0.5,0.5
7586,I30,H1,0,0.5,0.5
7586,I31,H1,0,0.5,0.5
7586,I32,H1,0,0.5,0.5
7595,I1,H3,1,-0.5,-0.5
7595,I2,H3,1,-0.5,-0.5
7595,I3,H3,1,-0.5,-0.5
7595,I4,H3,1,-0.5,-0.5
7595,I5,H3,0,0.5,-0.5
7595,I6,H3,0,0.5,-0.5
7595,I7,H3,0,0.5,-0.5
7595,I8,H3,0,0.5,-0.5
7595,I9,H3,1,-0.5,0.5
7595,I10,H3,1,-0.5,0.5
7595,I11,H3,1,-0.5,0.5
7595,I12,H3,1,-0.5,0.5
7595,I13,H3,0,0.5,0.5
7595,I14,H3,0,0.5,0.5
7595,I15,H3,0,0.5,0.5
7595,I16,H3,0,0.5,0.5
7595,I17,H1,1,-0.5,-0.5
7595,I18,H1,1,-0.5,-0.5
7595,I19,H1,1,-0.5,-0.5
7595,I20,H1,1,-0.5,-0.5
7595,I21,H1,0,0.5,-0.5
7595,I22,H1,0,0.5,-0.5
7595,I23,H1,0,0.5,-0.5
7595,I24,H1,0,0.5,-0.5
7595,I25,H1,1,-0.5,0.5
7595,I26,H1,1,-0.5,0.5
7595,I27,H1,1,-0.5,0.5
7595,I28,H1,1,-0.5,0.5
7595,I29,H1,0,0.5,0.5
7595,I30,H1,0,0.5,0.5
7595,I31,H1,0,0.5,0.5
7595,I32,H1,0,0.5,0.5
7649,I1,H3,1,-0.5,-0.5
7649,I2,H3,1,-0.5,-0.5
7649,I3,H3,1,-0.5,-0.5
7649,I4,H3,1,-0.5,-0.5
7649,I5,H3,0,0.5,-0.5
7649,I6,H3,0,0.5,-0.5
7649,I7,H3,0,0.5,-0.5
7649,I8,H3,0,0.5,-0.5
7649,I9,H3,1,-0.5,0.5
7649,I10,H3,1,-0.5,0.5
7649,I11,H3,1,-0.5,0.5
7649,I12,H3,1,-0.5,0.5
7649,I13,H3,0,0.5,0.5
7649,I14,H3,0,0.5,0.5
7649,I15,H3,0,0.5,0.5
7649,I16,H3,0,0.5,0.5
7649,I17,H1,1,-0.5,-0.5
7649,I18,H1,1,-0.5,-0.5
7649,I19,H1,1,-0.5,-0.5
7649,I20,H1,1,-0.5,-0.5
7649,I21,H1,0,0.5,-0.5
7649,I22,H1,0,0.5,-0.5
7649,I23,H1,0,0.5,-0.5
7649,I24,H1,0,0.5,-0.5
7649,I25,H1,1,-0.5,0.5
7649,I26,H1,1,-0.5,0.5
7649,I27,H1,1,-0.5,0.5
7649,I28,H1,1,-0.5,0.5
7649,I29,H1,0,0.5,0.5
7649,I30,H1,0,0.5,0.5
7649,I31,H1,0,0.5,0.5
7649,I32,H1,0,0.5,0.5
7694,I1,H3,1,-0.5,-0.5
7694,I2,H3,0,-0.5,-0.5
7694,I3,H3,0,-0.5,-0.5
7694,I4,H3,0,-0.5,-0.5
7694,I5,H3,0,0.5,-0.5
7694,I6,H3,0,0.5,-0.5
7694,I7,H3,0,0.5,-0.5
7694,I8,H3,0,0.5,-0.5
7694,I9,H3,0,-0.5,0.5
7694,I10,H3,0,-0.5,0.5
7694,I11,H3,0,-0.5,0.5
7694,I12,H3,0,-0.5,0.5
7694,I13,H3,0,0.5,0.5
7694,I14,H3,0,0.5,0.5
7694,I15,H3,0,0.5,0.5
7694,I16,H3,0,0.5,0.5
7694,I17,H1,0,-0.5,-0.5
7694,I18,H1,0,-0.5,-0.5
7694,I19,H1,0,-0.5,-0.5
7694,I20,H1,0,-0.5,-0.5
7694,I21,H1,0,0.5,-0.5
7694,I22,H1,0,0.5,-0.5
7694,I23,H1,0,0.5,-0.5
7694,I24,H1,0,0.5,-0.5
7694,I25,H1,0,-0.5,0.5
7694,I26,H1,0,-0.5,0.5
7694,I27,H1,0,-0.5,0.5
7694,I28,H1,0,-0.5,0.5
7694,I29,H1,0,0.5,0.5
7694,I30,H1,0,0.5,0.5
7694,I31,H1,0,0.5,0.5
7694,I32,H1,0,0.5,0.5
7717,I1,H3,0,-0.5,-0.5
7717,I2,H3,0,-0.5,-0.5
7717,I3,H3,1,-0.5,-0.5
7717,I4,H3,1,-0.5,-0.5
7717,I5,H3,0,0.5,-0.5
7717,I6,H3,0,0.5,-0.5
7717,I7,H3,0,0.5,-0.5
7717,I8,H3,0,0.5,-0.5
7717,I9,H3,1,-0.5,0.5
7717,I10,H3,1,-0.5,0.5
7717,I11,H3,0,-0.5,0.5
7717,I12,H3,1,-0.5,0.5
7717,I13,H3,0,0.5,0.5
7717,I14,H3,0,0.5,0.5
7717,I15,H3,0,0.5,0.5
7717,I16,H3,0,0.5,0.5
7717,I17,H1,1,-0.5,-0.5
7717,I18,H1,1,-0.5,-0.5
7717,I19,H1,0,-0.5,-0.5
7717,I20,H1,1,-0.5,-0.5
7717,I21,H1,0,0.5,-0.5
7717,I22,H1,0,0.5,-0.5
7717,I23,H1,0,0.5,-0.5
7717,I24,H1,0,0.5,-0.5
7717,I25,H1,1,-0.5,0.5
7717,I26,H1,0,-0.5,0.5
7717,I27,H1,1,-0.5,0.5
7717,I28,H1,1,-0.5,0.5
7717,I29,H1,0,0.5,0.5
7717,I30,H1,0,0.5,0.5
7717,I31,H1,0,0.5,0.5
7717,I32,H1,0,0.5,0.5
7730,I1,H3,0,-0.5,-0.5
7730,I2,H3,0,-0.5,-0.5
7730,I3,H3,0,-0.5,-0.5
7730,I4,H3,0,-0.5,-0.5
7730,I5,H3,0,0.5,-0.5
7730,I6,H3,0,0.5,-0.5
7730,I7,H3,0,0.5,-0.5
7730,I8,H3,0,0.5,-0.5
7730,I9,H3,0,-0.5,0.5
7730,I10,H3,0,-0.5,0.5
7730,I11,H3,0,-0.5,0.5
7730,I12,H3,0,-0.5,0.5
7730,I13,H3,0,0.5,0.5
7730,I14,H3,0,0.5,0.5
7730,I15,H3,0,0.5,0.5
7730,I16,H3,0,0.5,0.5
7730,I17,H1,0,-0.5,-0.5
7730,I18,H1,0,-0.5,-0.5
7730,I19,H1,0,-0.5,-0.5
7730,I20,H1,0,-0.5,-0.5
7730,I21,H1,0,0.5,-0.5
7730,I22,H1,0,0.5,-0.5
7730,I23,H1,0,0.5,-0.5
7730,I24,H1,0,0.5,-0.5
7730,I25,H1,0,-0.5,0.5
7730,I26,H1,0,-0.5,0.5
7730,I27,H1,0,-0.5,0.5
7730,I28,H1,0,-0.5,0.5
7730,I29,H1,0,0.5,0.5
7730,I30,H1,0,0.5,0.5
7730,I31,H1,1,0.5,0.5
7730,I32,H1,0,0.5,0.5
7737,I1,H3,1,-0.5,-0.5
7737,I2,H3,1,-0.5,-0.5
7737,I3,H3,1,-0.5,-0.5
7737,I4,H3,1,-0.5,-0.5
7737,I5,H3,0,0.5,-0.5
7737,I6,H3,0,0.5,-0.5
7737,I7,H3,0,0.5,-0.5
7737,I8,H3,0,0.5,-0.5
7737,I9,H3,1,-0.5,0.5
7737,I10,H3,0,-0.5,0.5
7737,I11,H3,1,-0.5,0.5
7737,I12,H3,1,-0.5,0.5
7737,I13,H3,0,0.5,0.5
7737,I14,H3,0,0.5,0.5
7737,I15,H3,0,0.5,0.5
7737,I16,H3,0,0.5,0.5
7737,I17,H1,1,-0.5,-0.5
7737,I18,H1,1,-0.5,-0.5
7737,I19,H1,0,-0.5,-0.5
7737,I20,H1,1,-0.5,-0.5
7737,I21,H1,0,0.5,-0.5
7737,I22,H1,0,0.5,-0.5
7737,I23,H1,0,0.5,-0.5
7737,I24,H1,0,0.5,-0.5
7737,I25,H1,1,-0.5,0.5
7737,I26,H1,1,-0.5,0.5
7737,I27,H1,1,-0.5,0.5
7737,I28,H1,1,-0.5,0.5
7737,I29,H1,0,0.5,0.5
7737,I30,H1,0,0.5,0.5
7737,I31,H1,0,0.5,0.5
7737,I32,H1,0,0.5,0.5
7752,I1,H3,0,-0.5,-0.5
7752,I2,H3,0,-0.5,-0.5
7752,I3,H3,0,-0.5,-0.5
7752,I4,H3,1,-0.5,-0.5
7752,I5,H3,1,0.5,-0.5
7752,I6,H3,0,0.5,-0.5
7752,I7,H3,0,0.5,-0.5
7752,I8,H3,0,0.5,-0.5
7752,I9,H3,0,-0.5,0.5
7752,I10,H3,0,-0.5,0.5
7752,I11,H3,0,-0.5,0.5
7752,I12,H3,1,-0.5,0.5
7752,I13,H3,0,0.5,0.5
7752,I14,H3,0,0.5,0.5
7752,I15,H3,0,0.5,0.5
7752,I16,H3,0,0.5,0.5
7752,I17,H1,0,-0.5,-0.5
7752,I18,H1,1,-0.5,-0.5
7752,I19,H1,1,-0.5,-0.5
7752,I20,H1,1,-0.5,-0.5
7752,I21,H1,0,0.5,-0.5
7752,I22,H1,0,0.5,-0.5
7752,I23,H1,0,0.5,-0.5
7752,I24,H1,0,0.5,-0.5
7752,I25,H1,0,-0.5,0.5
7752,I26,H1,1,-0.5,0.5
7752,I27,H1,1,-0.5,0.5
7752,I28,H1,1,-0.5,0.5
7752,I29,H1,0,0.5,0.5
7752,I30,H1,0,0.5,0.5
7752,I31,H1,0,0.5,0.5
7752,I32,H1,1,0.5,0.5
7760,I1,H3,0,-0.5,-0.5
7760,I2,H3,0,-0.5,-0.5
7760,I3,H3,1,-0.5,-0.5
7760,I4,H3,0,-0.5,-0.5
7760,I5,H3,0,0.5,-0.5
7760,I6,H3,0,0.5,-0.5
7760,I7,H3,0,0.5,-0.5
7760,I8,H3,0,0.5,-0.5
7760,I9,H3,0,-0.5,0.5
7760,I10,H3,1,-0.5,0.5
7760,I11,H3,1,-0.5,0.5
7760,I12,H3,1,-0.5,0.5
7760,I13,H3,0,0.5,0.5
7760,I14,H3,0,0.5,0.5
7760,I15,H3,0,0.5,0.5
7760,I16,H3,0,0.5,0.5
7760,I17,H1,1,-0.5,-0.5
7760,I18,H1,1,-0.5,-0.5
7760,I19,H1,1,-0.5,-0.5
7760,I20,H1,1,-0.5,-0.5
7760,I21,H1,0,0.5,-0.5
7760,I22,H1,0,0.5,-0.5
7760,I23,H1,0,0.5,-0.5
7760,I24,H1,0,0.5,-0.5
7760,I25,H1,1,-0.5,0.5
7760,I26,H1,1,-0.5,0.5
7760,I27,H1,1,-0.5,0.5
7760,I28,H1,1,-0.5,0.5
7760,I29,H1,0,0.5,0.5
7760,I30,H1,0,0.5,0.5
7760,I31,H1,0,0.5,0.5
7760,I32,H1,0,0.5,0.5
7817,I1,H3,1,-0.5,-0.5
7817,I2,H3,0,-0.5,-0.5
7817,I3,H3,1,-0.5,-0.5
7817,I4,H3,1,-0.5,-0.5
7817,I5,H3,0,0.5,-0.5
7817,I6,H3,0,0.5,-0.5
7817,I7,H3,0,0.5,-0.5
7817,I8,H3,0,0.5,-0.5
7817,I9,H3,1,-0.5,0.5
7817,I10,H3,0,-0.5,0.5
7817,I11,H3,0,-0.5,0.5
7817,I12,H3,1,-0.5,0.5
7817,I13,H3,0,0.5,0.5
7817,I14,H3,0,0.5,0.5
7817,I15,H3,0,0.5,0.5
7817,I16,H3,0,0.5,0.5
7817,I17,H1,1,-0.5,-0.5
7817,I18,H1,0,-0.5,-0.5
7817,I19,H1,1,-0.5,-0.5
7817,I20,H1,0,-0.5,-0.5
7817,I21,H1,0,0.5,-0.5
7817,I22,H1,0,0.5,-0.5
7817,I23,H1,0,0.5,-0.5
7817,I24,H1,0,0.5,-0.5
7817,I25,H1,1,-0.5,0.5
7817,I26,H1,1,-0.5,0.5
7817,I27,H1,1,-0.5,0.5
7817,I28,H1,1,-0.5,0.5
7817,I29,H1,0,0.5,0.5
7817,I30,H1,0,0.5,0.5
7817,I31,H1,0,0.5,0.5
7817,I32,H1,0,0.5,0.5
7872,I1,H3,0,-0.5,-0.5
7872,I2,H3,0,-0.5,-0.5
7872,I3,H3,0,-0.5,-0.5
7872,I4,H3,0,-0.5,-0.5
7872,I5,H3,0,0.5,-0.5
7872,I6,H3,0,0.5,-0.5
7872,I7,H3,0,0.5,-0.5
7872,I8,H3,0,0.5,-0.5
7872,I9,H3,0,-0.5,0.5
7872,I10,H3,0,-0.5,0.5
7872,I11,H3,0,-0.5,0.5
7872,I12,H3,0,-0.5,0.5
7872,I13,H3,0,0.5,0.5
7872,I14,H3,0,0.5,0.5
7872,I15,H3,0,0.5,0.5
7872,I16,H3,0,0.5,0.5
7872,I17,H1,0,-0.5,-0.5
7872,I18,H1,0,-0.5,-0.5
7872,I19,H1,0,-0.5,-0.5
7872,I20,H1,0,-0.5,-0.5
7872,I21,H1,0,0.5,-0.5
7872,I22,H1,0,0.5,-0.5
7872,I23,H1,0,0.5,-0.5
7872,I24,H1,0,0.5,-0.5
7872,I25,H1,1,-0.5,0.5
7872,I26,H1,0,-0.5,0.5
7872,I27,H1,0,-0.5,0.5
7872,I28,H1,0,-0.5,0.5
7872,I29,H1,0,0.5,0.5
7872,I30,H1,0,0.5,0.5
7872,I31,H1,0,0.5,0.5
7872,I32,H1,0,0.5,0.5
7895,I1,H3,0,-0.5,-0.5
7895,I2,H3,0,-0.5,-0.5
7895,I3,H3,0,-0.5,-0.5
7895,I4,H3,0,-0.5,-0.5
7895,I5,H3,0,0.5,-0.5
7895,I6,H3,0,0.5,-0.5
7895,I7,H3,0,0.5,-0.5
7895,I8,H3,0,0.5,-0.5
7895,I9,H3,0,-0.5,0.5
7895,I10,H3,0,-0.5,0.5
7895,I11,H3,0,-0.5,0.5
7895,I12,H3,0,-0.5,0.5
7895,I13,H3,0,0.5,0.5
7895,I14,H3,0,0.5,0.5
7895,I15,H3,0,0.5,0.5
7895,I16,H3,0,0.5,0.5
7895,I17,H1,0,-0.5,-0.5
7895,I18,H1,1,-0.5,-0.5
7895,I19,H1,0,-0.5,-0.5
7895,I20,H1,0,-0.5,-0.5
7895,I21,H1,0,0.5,-0.5
7895,I22,H1,0,0.5,-0.5
7895,I23,H1,0,0.5,-0.5
7895,I24,H1,0,0.5,-0.5
7895,I25,H1,1,-0.5,0.5
7895,I26,H1,0,-0.5,0.5
7895,I27,H1,1,-0.5,0.5
7895,I28,H1,1,-0.5,0.5
7895,I29,H1,0,0.5,0.5
7895,I30,H1,0,0.5,0.5
7895,I31,H1,0,0.5,0.5
7895,I32,H1,0,0.5,0.5
7910,I1,H3,0,-0.5,-0.5
7910,I2,H3,0,-0.5,-0.5
7910,I3,H3,1,-0.5,-0.5
7910,I4,H3,1,-0.5,-0.5
7910,I5,H3,0,0.5,-0.5
7910,I6,H3,0,0.5,-0.5
7910,I7,H3,0,0.5,-0.5
7910,I8,H3,0,0.5,-0.5
7910,I9,H3,0,-0.5,0.5
7910,I10,H3,0,-0.5,0.5
7910,I11,H3,0,-0.5,0.5
7910,I12,H3,1,-0.5,0.5
7910,I13,H3,0,0.5,0.5
7910,I14,H3,0,0.5,0.5
7910,I15,H3,0,0.5,0.5
7910,I16,H3,0,0.5,0.5
7910,I17,H1,0,-0.5,-0.5
7910,I18,H1,0,-0.5,-0.5
7910,I19,H1,0,-0.5,-0.5
7910,I20,H1,0,-0.5,-0.5
7910,I21,H1,0,0.5,-0.5
7910,I22,H1,0,0.5,-0.5
7910,I23,H1,0,0.5,-0.5
7910,I24,H1,0,0.5,-0.5
7910,I25,H1,1,-0.5,0.5
7910,I26,H1,1,-0.5,0.5
7910,I27,H1,1,-0.5,0.5
7910,I28,H1,0,-0.5,0.5
7910,I29,H1,0,0.5,0.5
7910,I30,H1,0,0.5,0.5
7910,I31,H1,0,0.5,0.5
7910,I32,H1,0,0.5,0.5
7914,I1,H3,0,-0.5,-0.5
7914,I2,H3,0,-0.5,-0.5
7914,I3,H3,0,-0.5,-0.5
7914,I4,H3,0,-0.5,-0.5
7914,I5,H3,0,0.5,-0.5
7914,I6,H3,0,0.5,-0.5
7914,I7,H3,0,0.5,-0.5
7914,I8,H3,0,0.5,-0.5
7914,I9,H3,0,-0.5,0.5
7914,I10,H3,0,-0.5,0.5
7914,I11,H3,0,-0.5,0.5
7914,I12,H3,0,-0.5,0.5
7914,I13,H3,0,0.5,0.5
7914,I14,H3,0,0.5,0.5
7914,I15,H3,0,0.5,0.5
7914,I16,H3,0,0.5,0.5
7914,I17,H1,0,-0.5,-0.5
7914,I18,H1,0,-0.5,-0.5
7914,I19,H1,0,-0.5,-0.5
7914,I20,H1,0,-0.5,-0.5
7914,I21,H1,0,0.5,-0.5
7914,I22,H1,0,0.5,-0.5
7914,I23,H1,0,0.5,-0.5
7914,I24,H1,0,0.5,-0.5
7914,I25,H1,0,-0.5,0.5
7914,I26,H1,0,-0.5,0.5
7914,I27,H1,0,-0.5,0.5
7914,I28,H1,0,-0.5,0.5
7914,I29,H1,0,0.5,0.5
7914,I30,H1,0,0.5,0.5
7914,I31,H1,0,0.5,0.5
7914,I32,H1,0,0.5,0.5
7942,I1,H3,1,-0.5,-0.5
7942,I2,H3,1,-0.5,-0.5
7942,I3,H3,1,-0.5,-0.5
7942,I4,H3,1,-0.5,-0.5
7942,I5,H3,0,0.5,-0.5
7942,I6,H3,0,0.5,-0.5
7942,I7,H3,0,0.5,-0.5
7942,I8,H3,0,0.5,-0.5
7942,I9,H3,1,-0.5,0.5
7942,I10,H3,1,-0.5,0.5
7942,I11,H3,1,-0.5,0.5
7942,I12,H3,1,-0.5,0.5
7942,I13,H3,0,0.5,0.5
7942,I14,H3,0,0.5,0.5
7942,I15,H3,0,0.5,0.5
7942,I16,H3,0,0.5,0.5
7942,I17,H1,1,-0.5,-0.5
7942,I18,H1,1,-0.5,-0.5
7942,I19,H1,1,-0.5,-0.5
7942,I20,H1,1,-0.5,-0.5
7942,I21,H1,0,0.5,-0.5
7942,I22,H1,0,0.5,-0.5
7942,I23,H1,0,0.5,-0.5
7942,I24,H1,0,0.5,-0.5
7942,I25,H1,1,-0.5,0.5
7942,I26,H1,1,-0.5,0.5
7942,I27,H1,1,-0.5,0.5
7942,I28,H1,1,-0.5,0.5
7942,I29,H1,0,0.5,0.5
7942,I30,H1,0,0.5,0.5
7942,I31,H1,0,0.5,0.5
7942,I32,H1,0,0.5,0.5
8085,I1,H3,0,-0.5,-0.5
8085,I2,H3,0,-0.5,-0.5
8085,I3,H3,0,-0.5,-0.5
8085,I4,H3,0,-0.5,-0.5
8085,I5,H3,0,0.5,-0.5
8085,I6,H3,0,0.5,-0.5
8085,I7,H3,0,0.5,-0.5
8085,I8,H3,0,0.5,-0.5
8085,I9,H3,0,-0.5,0.5
8085,I10,H3,0,-0.5,0.5
8085,I11,H3,0,-0.5,0.5
8085,I12,H3,0,-0.5,0.5
8085,I13,H3,0,0.5,0.5
8085,I14,H3,0,0.5,0.5
8085,I15,H3,0,0.5,0.5
8085,I16,H3,0,0.5,0.5
8085,I17,H1,0,-0.5,-0.5
8085,I18,H1,0,-0.5,-0.5
8085,I19,H1,0,-0.5,-0.5
8085,I20,H1,0,-0.5,-0.5
8085,I21,H1,0,0.5,-0.5
8085,I22,H1,0,0.5,-0.5
8085,I23,H1,0,0.5,-0.5
8085,I24,H1,0,0.5,-0.5
8085,I25,H1,0,-0.5,0.5
8085,I26,H1,0,-0.5,0.5
8085,I27,H1,0,-0.5,0.5
8085,I28,H1,0,-0.5,0.5
8085,I29,H1,0,0.5,0.5
8085,I30,H1,1,0.5,0.5
8085,I31,H1,0,0.5,0.5
8085,I32,H1,0,0.5,0.5
8111,I1,H3,1,-0.5,-0.5
8111,I2,H3,1,-0.5,-0.5
8111,I3,H3,0,-0.5,-0.5
8111,I4,H3,1,-0.5,-0.5
8111,I5,H3,0,0.5,-0.5
8111,I6,H3,0,0.5,-0.5
8111,I7,H3,0,0.5,-0.5
8111,I8,H3,0,0.5,-0.5
8111,I9,H3,1,-0.5,0.5
8111,I10,H3,1,-0.5,0.5
8111,I11,H3,1,-0.5,0.5
8111,I12,H3,1,-0.5,0.5
8111,I13,H3,0,0.5,0.5
8111,I14,H3,0,0.5,0.5
8111,I15,H3,0,0.5,0.5
8111,I16,H3,0,0.5,0.5
8111,I17,H1,1,-0.5,-0.5
8111,I18,H1,1,-0.5,-0.5
8111,I19,H1,1,-0.5,-0.5
8111,I20,H1,1,-0.5,-0.5
8111,I21,H1,0,0.5,-0.5
8111,I22,H1,0,0.5,-0.5
8111,I23,H1,0,0.5,-0.5
8111,I24,H1,0,0.5,-0.5
8111,I25,H1,1,-0.5,0.5
8111,I26,H1,1,-0.5,0.5
8111,I27,H1,1,-0.5,0.5
8111,I28,H1,1,-0.5,0.5
8111,I29,H1,0,0.5,0.5
8111,I30,H1,0,0.5,0.5
8111,I31,H1,0,0.5,0.5
8111,I32,H1,0,0.5,0.5
8126,I1,H3,0,-0.5,-0.5
8126,I2,H3,0,-0.5,-0.5
8126,I3,H3,0,-0.5,-0.5
8126,I4,H3,0,-0.5,-0.5
8126,I5,H3,0,0.5,-0.5
8126,I6,H3,0,0.5,-0.5
8126,I7,H3,1,0.5,-0.5
8126,I8,H3,0,0.5,-0.5
8126,I9,H3,0,-0.5,0.5
8126,I10,H3,0,-0.5,0.5
8126,I11,H3,0,-0.5,0.5
8126,I12,H3,0,-0.5,0.5
8126,I13,H3,0,0.5,0.5
8126,I14,H3,0,0.5,0.5
8126,I15,H3,0,0.5,0.5
8126,I16,H3,0,0.5,0.5
8126,I17,H1,0,-0.5,-0.5
8126,I18,H1,0,-0.5,-0.5
8126,I19,H1,0,-0.5,-0.5
8126,I20,H1,0,-0.5,-0.5
8126,I21,H1,0,0.5,-0.5
8126,I22,H1,0,0.5,-0.5
8126,I23,H1,0,0.5,-0.5
8126,I24,H1,0,0.5,-0.5
8126,I25,H1,0,-0.5,0.5
8126,I26,H1,1,-0.5,0.5
8126,I27,H1,0,-0.5,0.5
8126,I28,H1,0,-0.5,0.5
8126,I29,H1,0,0.5,0.5
8126,I30,H1,0,0.5,0.5
8126,I31,H1,0,0.5,0.5
8126,I32,H1,0,0.5,0.5
8159,I1,H3,1,-0.5,-0.5
8159,I2,H3,1,-0.5,-0.5
8159,I3,H3,1,-0.5,-0.5
8159,I4,H3,1,-0.5,-0.5
8159,I5,H3,0,0.5,-0.5
8159,I6,H3,0,0.5,-0.5
8159,I7,H3,0,0.5,-0.5
8159,I8,H3,0,0.5,-0.5
8159,I9,H3,1,-0.5,0.5
8159,I10,H3,1,-0.5,0.5
8159,I11,H3,1,-0.5,0.5
8159,I12,H3,1,-0.5,0.5
8159,I13,H3,0,0.5,0.5
8159,I14,H3,0,0.5,0.5
8159,I15,H3,0,0.5,0.5
8159,I16,H3,0,0.5,0.5
8159,I17,H1,1,-0.5,-0.5
8159,I18,H1,1,-0.5,-0.5
8159,I19,H1,1,-0.5,-0.5
8159,I20,H1,1,-0.5,-0.5
8159,I21,H1,0,0.5,-0.5
8159,I22,H1,0,0.5,-0.5
8159,I23,H1,0,0.5,-0.5
8159,I24,H1,0,0.5,-0.5
8159,I25,H1,1,-0.5,0.5
8159,I26,H1,1,-0.5,0.5
8159,I27,H1,1,-0.5,0.5
8159,I28,H1,1,-0.5,0.5
8159,I29,H1,0,0.5,0.5
8159,I30,H1,0,0.5,0.5
8159,I31,H1,0,0.5,0.5
8159,I32,H1,0,0.5,0.5
8198,I1,H3,1,-0.5,-0.5
8198,I2,H3,1,-0.5,-0.5
8198,I3,H3,1,-0.5,-0.5
8198,I4,H3,1,-0.5,-0.5
8198,I5,H3,0,0.5,-0.5
8198,I6,H3,0,0.5,-0.5
8198,I7,H3,0,0.5,-0.5
8198,I8,H3,0,0.5,-0.5
8198,I9,H3,1,-0.5,0.5
8198,I10,H3,1,-0.5,0.5
8198,I11,H3,1,-0.5,0.5
8198,I12,H3,1,-0.5,0.5
8198,I13,H3,0,0.5,0.5
8198,I14,H3,0,0.5,0.5
8198,I15,H3,0,0.5,0.5
8198,I16,H3,0,0.5,0.5
8198,I17,H1,1,-0.5,-0.5
8198,I18,H1,1,-0.5,-0.5
8198,I19,H1,1,-0.5,-0.5
8198,I20,H1,1,-0.5,-0.5
8198,I21,H1,0,0.5,-0.5
8198,I22,H1,0,0.5,-0.5
8198,I23,H1,0,0.5,-0.5
8198,I24,H1,0,0.5,-0.5
8198,I25,H1,1,-0.5,0.5
8198,I26,H1,1,-0.5,0.5
8198,I27,H1,1,-0.5,0.5
8198,I28,H1,1,-0.5,0.5
8198,I29,H1,0,0.5,0.5
8198,I30,H1,0,0.5,0.5
8198,I31,H1,0,0.5,0.5
8198,I32,H1,0,0.5,0.5
8206,I1,H3,1,-0.5,-0.5
8206,I2,H3,0,-0.5,-0.5
8206,I3,H3,1,-0.5,-0.5
8206,I4,H3,1,-0.5,-0.5
8206,I5,H3,0,0.5,-0.5
8206,I6,H3,0,0.5,-0.5
8206,I7,H3,0,0.5,-0.5
8206,I8,H3,0,0.5,-0.5
8206,I9,H3,1,-0.5,0.5
8206,I10,H3,1,-0.5,0.5
8206,I11,H3,1,-0.5,0.5
8206,I12,H3,1,-0.5,0.5
8206,I13,H3,0,0.5,0.5
8206,I14,H3,0,0.5,0.5
8206,I15,H3,0,0.5,0.5
8206,I16,H3,0,0.5,0.5
8206,I17,H1,0,-0.5,-0.5
8206,I18,H1,0,-0.5,-0.5
8206,I19,H1,0,-0.5,-0.5
8206,I20,H1,0,-0.5,-0.5
8206,I21,H1,0,0.5,-0.5
8206,I22,H1,0,0.5,-0.5
8206,I23,H1,0,0.5,-0.5
8206,I24,H1,0,0.5,-0.5
8206,I25,H1,1,-0.5,0.5
8206,I26,H1,0,-0.5,0.5
8206,I27,H1,1,-0.5,0.5
8206,I28,H1,1,-0.5,0.5
8206,I29,H1,0,0.5,0.5
8206,I30,H1,0,0.5,0.5
8206,I31,H1,0,0.5,0.5
8206,I32,H1,0,0.5,0.5
8208,I1,H3,1,-0.5,-0.5
8208,I2,H3,1,-0.5,-0.5
8208,I3,H3,1,-0.5,-0.5
8208,I4,H3,1,-0.5,-0.5
8208,I5,H3,0,0.5,-0.5
8208,I6,H3,0,0.5,-0.5
8208,I7,H3,0,0.5,-0.5
8208,I8,H3,0,0.5,-0.5
8208,I9,H3,1,-0.5,0.5
8208,I10,H3,0,-0.5,0.5
8208,I11,H3,0,-0.5,0.5
8208,I12,H3,1,-0.5,0.5
8208,I13,H3,0,0.5,0.5
8208,I14,H3,0,0.5,0.5
8208,I15,H3,0,0.5,0.5
8208,I16,H3,0,0.5,0.5
8208,I17,H1,0,-0.5,-0.5
8208,I18,H1,0,-0.5,-0.5
8208,I19,H1,0,-0.5,-0.5
8208,I20,H1,0,-0.5,-0.5
8208,I21,H1,0,0.5,-0.5
8208,I22,H1,0,0.5,-0.5
8208,I23,H1,0,0.5,-0.5
8208,I24,H1,0,0.5,-0.5
8208,I25,H1,1,-0.5,0.5
8208,I26,H1,0,-0.5,0.5
8208,I27,H1,1,-0.5,0.5
8208,I28,H1,1,-0.5,0.5
8208,I29,H1,0,0.5,0.5
8208,I30,H1,0,0.5,0.5
8208,I31,H1,0,0.5,0.5
8208,I32,H1,0,0.5,0.5
8212,I1,H3,1,-0.5,-0.5
8212,I2,H3,1,-0.5,-0.5
8212,I3,H3,1,-0.5,-0.5
8212,I4,H3,1,-0.5,-0.5
8212,I5,H3,0,0.5,-0.5
8212,I6,H3,0,0.5,-0.5
8212,I7,H3,0,0.5,-0.5
8212,I8,H3,0,0.5,-0.5
8212,I9,H3,1,-0.5,0.5
8212,I10,H3,1,-0.5,0.5
8212,I11,H3,1,-0.5,0.5
8212,I12,H3,1,-0.5,0.5
8212,I13,H3,0,0.5,0.5
8212,I14,H3,0,0.5,0.5
8212,I15,H3,0,0.5,0.5
8212,I16,H3,0,0.5,0.5
8212,I17,H1,1,-0.5,-0.5
8212,I18,H1,1,-0.5,-0.5
8212,I19,H1,1,-0.5,-0.5
8212,I20,H1,1,-0.5,-0.5
8212,I21,H1,0,0.5,-0.5
8212,I22,H1,0,0.5,-0.5
8212,I23,H1,0,0.5,-0.5
8212,I24,H1,0,0.5,-0.5
8212,I25,H1,1,-0.5,0.5
8212,I26,H1,1,-0.5,0.5
8212,I27,H1,1,-0.5,0.5
8212,I28,H1,1,-0.5,0.5
8212,I29,H1,0,0.5,0.5
8212,I30,H1,0,0.5,0.5
8212,I31,H1,0,0.5,0.5
8212,I32,H1,0,0.5,0.5
8214,I1,H3,1,-0.5,-0.5
8214,I2,H3,1,-0.5,-0.5
8214,I3,H3,1,-0.5,-0.5
8214,I4,H3,1,-0.5,-0.5
8214,I5,H3,0,0.5,-0.5
8214,I6,H3,0,0.5,-0.5
8214,I7,H3,0,0.5,-0.5
8214,I8,H3,0,0.5,-0.5
8214,I9,H3,0,-0.5,0.5
8214,I10,H3,1,-0.5,0.5
8214,I11,H3,0,-0.5,0.5
8214,I12,H3,0,-0.5,0.5
8214,I13,H3,0,0.5,0.5
8214,I14,H3,0,0.5,0.5
8214,I15,H3,0,0.5,0.5
8214,I16,H3,0,0.5,0.5
8214,I17,H1,0,-0.5,-0.5
8214,I18,H1,0,-0.5,-0.5
8214,I19,H1,0,-0.5,-0.5
8214,I20,H1,1,-0.5,-0.5
8214,I21,H1,0,0.5,-0.5
8214,I22,H1,0,0.5,-0.5
8214,I23,H1,0,0.5,-0.5
8214,I24,H1,0,0.5,-0.5
8214,I25,H1,0,-0.5,0.5
8214,I26,H1,1,-0.5,0.5
8214,I27,H1,1,-0.5,0.5
8214,I28,H1,1,-0.5,0.5
8214,I29,H1,0,0.5,0.5
8214,I30,H1,0,0.5,0.5
8214,I31,H1,0,0.5,0.5
8214,I32,H1,0,0.5,0.5
